iter	Logloss
0	0.6864153808
1	0.6795558602
2	0.6720092786
3	0.6655695874
4	0.659732101
