iter	MultiClass
0	0.8638112071
1	0.6245717945
